name,company,industry,email
John Doe,ABC Tech,Software,"Subject: Boost Sales Efficiency with AI-Driven CRM Solutions

Dear [Recipient's Name],

I came across [Recipient's Company] and was impressed by the innovative work you're doing in the [industry/field] space. As a representative of ABC Tech, a leading provider of AI-based CRM solutions, I believe our technology can help take your sales team to the next level.

Our SaaS platform is specifically designed for startups and SMEs like yours, aiming to streamline sales processes, enhance customer relationships, and drive revenue growth. By leveraging the power of artificial intelligence, our CRM solution enables businesses to automate routine tasks, gain valuable insights, and make data-driven decisions.

What sets us apart is our focus on delivering a user-friendly, intuitive experience that seamlessly integrates with your existing workflows. Our solution has already helped numerous companies in the software industry, including those offering AI-powered sales automation tools, to optimize their sales strategies and improve customer engagement.

I'd love to schedule a call to discuss how ABC Tech's AI-driven CRM solution can address your specific pain points and help [Recipient's Company] achieve its sales goals. Would you be available for a 15-minute call next [day/week]?

Looking forward to exploring how we can support your business growth.

Best regards,

John Doe
ABC Tech"
Jane Smith,XYZ Health,Healthcare,"Subject: Enhancing Patient Care through Digital Solutions at XYZ Health

Dear [Recipient's Name],

I am Jane Smith, a representative of XYZ Health, a leading provider of digital patient management solutions for hospitals. As a healthcare professional, I understand the importance of efficient and effective patient care. Our company has been at the forefront of developing innovative solutions to streamline patient management, improve outcomes, and enhance the overall healthcare experience.

Our digital patient management platform is designed to help hospitals like yours optimize patient flow, reduce wait times, and improve communication between care teams. By leveraging our solution, hospitals can expect to see significant improvements in patient satisfaction, reduced readmissions, and enhanced operational efficiency.

I would like to schedule a call to discuss how our solution can address the unique challenges faced by your hospital. Our team has extensive experience working with healthcare providers to implement tailored solutions that meet their specific needs.

If you are interested in learning more about how XYZ Health can support your hospital's patient management needs, please let me know a convenient time for a call. I look forward to the opportunity to discuss this further with you.

Best regards,

Jane Smith
XYZ Health"
Mike Johnson,FinCorp,Finance,"Subject: Exploring Opportunities in Finance with FinCorp

Dear [Recipient's Name],

I am Mike Johnson, a representative of FinCorp, a company operating in the finance industry. As we continue to navigate the evolving landscape of financial services, I came across your company and was impressed by your innovative approach to [specific area of interest]. Although our industries may differ, I believe that our goals of driving growth and improvement through technology and expertise align.

At FinCorp, we specialize in [briefly mention FinCorp's area of expertise or services]. Our team is dedicated to providing exceptional financial solutions that cater to the unique needs of our clients. I would like to explore potential opportunities for collaboration or discussion on how our expertise can support your business objectives.

If you are open to learning more about FinCorp and our capabilities, I would appreciate the chance to schedule a call to discuss further. Please let me know if this is something that interests you, and I will send over a meeting invite at your convenience.

Best regards,

Mike Johnson
FinCorp"
